ativo;grid_search;tam_treino;evaluation;valor_real;valor_predito;diff;diffMod;perc_acerto
AGRO3.SA.arff;Não;25;Nenhum;11,07;11,16;-0,09;0,09;100,8
AGRO3.SA.arff;Sim;25;RRSE;11,07;11,15;-0,08;0,08;100,76
AGRO3.SA.arff;Sim;25;COMBINED;11,07;11,15;-0,08;0,08;100,76
AGRO3.SA.arff;Sim;25;RAE;11,07;11,27;-0,2;0,2;101,84
AGRO3.SA.arff;Não;30;Nenhum;11,07;11,14;-0,07;0,07;100,67
AGRO3.SA.arff;Sim;30;RRSE;11,07;11,12;-0,05;0,05;100,47
AGRO3.SA.arff;Sim;30;COMBINED;11,07;11,11;-0,04;0,04;100,36
AGRO3.SA.arff;Sim;30;RAE;11,07;11,11;-0,04;0,04;100,36
AGRO3.SA.arff;Não;35;Nenhum;11,07;11,12;-0,05;0,05;100,49
AGRO3.SA.arff;Sim;35;RRSE;11,07;11,1;-0,03;0,03;100,23
AGRO3.SA.arff;Sim;35;COMBINED;11,07;11,13;-0,06;0,06;100,51
AGRO3.SA.arff;Sim;35;RAE;11,07;11,28;-0,21;0,21;101,85
AGRO3.SA.arff;Não;40;Nenhum;11,07;11,13;-0,06;0,06;100,51
AGRO3.SA.arff;Sim;40;RRSE;11,07;11,23;-0,16;0,16;101,48
AGRO3.SA.arff;Sim;40;COMBINED;11,07;11,23;-0,16;0,16;101,48
AGRO3.SA.arff;Sim;40;RAE;11,07;11,23;-0,16;0,16;101,48
AGRO3.SA.arff;Não;50;Nenhum;11,07;11,34;-0,27;0,27;102,46
AGRO3.SA.arff;Sim;50;RRSE;11,07;11,32;-0,25;0,25;102,25
AGRO3.SA.arff;Sim;50;COMBINED;11,07;11,06;0,01;0,01;99,91
AGRO3.SA.arff;Sim;50;RAE;11,07;11,09;-0,02;0,02;100,15
AGRO3.SA.arff;Não;70;Nenhum;11,07;11,32;-0,25;0,25;102,23
AGRO3.SA.arff;Sim;70;RRSE;11,07;11,26;-0,19;0,19;101,73
AGRO3.SA.arff;Sim;70;COMBINED;11,07;11,31;-0,24;0,24;102,14
AGRO3.SA.arff;Sim;70;RAE;11,07;11,31;-0,24;0,24;102,14
AGRO3.SA.arff;Não;25;Nenhum;11,09;11,17;-0,08;0,08;100,76
AGRO3.SA.arff;Sim;25;RRSE;11,09;11,12;-0,03;0,03;100,31
AGRO3.SA.arff;Sim;25;COMBINED;11,09;11,06;0,03;0,03;99,69
AGRO3.SA.arff;Sim;25;RAE;11,09;11,12;-0,03;0,03;100,24
AGRO3.SA.arff;Não;30;Nenhum;11,09;11,16;-0,07;0,07;100,6
AGRO3.SA.arff;Sim;30;RRSE;11,09;11,1;-0,01;0,01;100,08
AGRO3.SA.arff;Sim;30;COMBINED;11,09;11,1;-0,01;0,01;100,08
AGRO3.SA.arff;Sim;30;RAE;11,09;11,1;-0,01;0,01;100,08
AGRO3.SA.arff;Não;35;Nenhum;11,09;11,15;-0,06;0,06;100,58
AGRO3.SA.arff;Sim;35;RRSE;11,09;11,06;0,03;0,03;99,77
AGRO3.SA.arff;Sim;35;COMBINED;11,09;11,16;-0,07;0,07;100,66
AGRO3.SA.arff;Sim;35;RAE;11,09;11,13;-0,04;0,04;100,36
AGRO3.SA.arff;Não;40;Nenhum;11,09;11,17;-0,08;0,08;100,71
AGRO3.SA.arff;Sim;40;RRSE;11,09;11,13;-0,04;0,04;100,4
AGRO3.SA.arff;Sim;40;COMBINED;11,09;11,13;-0,04;0,04;100,4
AGRO3.SA.arff;Sim;40;RAE;11,09;11,09;0;0;100
AGRO3.SA.arff;Não;50;Nenhum;11,09;11,32;-0,23;0,23;102,1
AGRO3.SA.arff;Sim;50;RRSE;11,09;11,08;0,01;0,01;99,92
AGRO3.SA.arff;Sim;50;COMBINED;11,09;11,09;0;0;99,99
AGRO3.SA.arff;Sim;50;RAE;11,09;11,08;0,01;0,01;99,93
AGRO3.SA.arff;Não;70;Nenhum;11,09;11,29;-0,2;0,2;101,79
AGRO3.SA.arff;Sim;70;RRSE;11,09;11,13;-0,04;0,04;100,32
AGRO3.SA.arff;Sim;70;COMBINED;11,09;11,13;-0,04;0,04;100,32
AGRO3.SA.arff;Sim;70;RAE;11,09;11,15;-0,06;0,06;100,58
AGRO3.SA.arff;Não;25;Nenhum;11,09;11,19;-0,1;0,1;100,86
AGRO3.SA.arff;Sim;25;RRSE;11,09;11,16;-0,07;0,07;100,67
AGRO3.SA.arff;Sim;25;COMBINED;11,09;11,16;-0,07;0,07;100,67
AGRO3.SA.arff;Sim;25;RAE;11,09;11,16;-0,07;0,07;100,65
AGRO3.SA.arff;Não;30;Nenhum;11,09;11,18;-0,09;0,09;100,82
AGRO3.SA.arff;Sim;30;RRSE;11,09;11,16;-0,07;0,07;100,61
AGRO3.SA.arff;Sim;30;COMBINED;11,09;11,16;-0,07;0,07;100,59
AGRO3.SA.arff;Sim;30;RAE;11,09;11,11;-0,02;0,02;100,18
AGRO3.SA.arff;Não;35;Nenhum;11,09;11,15;-0,06;0,06;100,58
AGRO3.SA.arff;Sim;35;RRSE;11,09;11,14;-0,05;0,05;100,45
AGRO3.SA.arff;Sim;35;COMBINED;11,09;11,14;-0,05;0,05;100,45
AGRO3.SA.arff;Sim;35;RAE;11,09;11,15;-0,06;0,06;100,58
AGRO3.SA.arff;Não;40;Nenhum;11,09;11,13;-0,04;0,04;100,39
AGRO3.SA.arff;Sim;40;RRSE;11,09;11,15;-0,06;0,06;100,52
AGRO3.SA.arff;Sim;40;COMBINED;11,09;11,15;-0,06;0,06;100,52
AGRO3.SA.arff;Sim;40;RAE;11,09;11,15;-0,06;0,06;100,52
AGRO3.SA.arff;Não;50;Nenhum;11,09;11,27;-0,18;0,18;101,6
AGRO3.SA.arff;Sim;50;RRSE;11,09;11,13;-0,04;0,04;100,34
AGRO3.SA.arff;Sim;50;COMBINED;11,09;11,13;-0,04;0,04;100,34
AGRO3.SA.arff;Sim;50;RAE;11,09;11,13;-0,04;0,04;100,34
AGRO3.SA.arff;Não;70;Nenhum;11,09;11,23;-0,14;0,14;101,29
AGRO3.SA.arff;Sim;70;RRSE;11,09;11,12;-0,03;0,03;100,24
AGRO3.SA.arff;Sim;70;COMBINED;11,09;11,16;-0,07;0,07;100,63
AGRO3.SA.arff;Sim;70;RAE;11,09;11,15;-0,06;0,06;100,56
AGRO3.SA.arff;Não;25;Nenhum;11,14;11,2;-0,06;0,06;100,51
AGRO3.SA.arff;Sim;25;RRSE;11,14;11,16;-0,02;0,02;100,22
AGRO3.SA.arff;Sim;25;COMBINED;11,14;11,16;-0,02;0,02;100,22
AGRO3.SA.arff;Sim;25;RAE;11,14;11,17;-0,03;0,03;100,29
AGRO3.SA.arff;Não;30;Nenhum;11,14;11,19;-0,05;0,05;100,46
AGRO3.SA.arff;Sim;30;RRSE;11,14;11,17;-0,03;0,03;100,23
AGRO3.SA.arff;Sim;30;COMBINED;11,14;11,19;-0,05;0,05;100,46
AGRO3.SA.arff;Sim;30;RAE;11,14;11,16;-0,02;0,02;100,2
AGRO3.SA.arff;Não;35;Nenhum;11,14;11,13;0,01;0,01;99,92
AGRO3.SA.arff;Sim;35;RRSE;11,14;11,16;-0,02;0,02;100,16
AGRO3.SA.arff;Sim;35;COMBINED;11,14;11,19;-0,05;0,05;100,42
AGRO3.SA.arff;Sim;35;RAE;11,14;11,19;-0,05;0,05;100,42
AGRO3.SA.arff;Não;40;Nenhum;11,14;11,13;0,01;0,01;99,94
AGRO3.SA.arff;Sim;40;RRSE;11,14;11,2;-0,06;0,06;100,5
AGRO3.SA.arff;Sim;40;COMBINED;11,14;11,19;-0,05;0,05;100,43
AGRO3.SA.arff;Sim;40;RAE;11,14;11,19;-0,05;0,05;100,43
AGRO3.SA.arff;Não;50;Nenhum;11,14;11,28;-0,14;0,14;101,27
AGRO3.SA.arff;Sim;50;RRSE;11,14;11,14;0;0;99,99
AGRO3.SA.arff;Sim;50;COMBINED;11,14;11,2;-0,06;0,06;100,56
AGRO3.SA.arff;Sim;50;RAE;11,14;11,21;-0,07;0,07;100,67
AGRO3.SA.arff;Não;70;Nenhum;11,14;11,25;-0,11;0,11;100,98
AGRO3.SA.arff;Sim;70;RRSE;11,14;10,96;0,18;0,18;98,39
AGRO3.SA.arff;Sim;70;COMBINED;11,14;10,96;0,18;0,18;98,39
AGRO3.SA.arff;Sim;70;RAE;11,14;10,96;0,18;0,18;98,39
AGRO3.SA.arff;Não;25;Nenhum;11,16;11,18;-0,02;0,02;100,13
AGRO3.SA.arff;Sim;25;RRSE;11,16;11,18;-0,02;0,02;100,14
AGRO3.SA.arff;Sim;25;COMBINED;11,16;11,17;-0,01;0,01;100,1
AGRO3.SA.arff;Sim;25;RAE;11,16;11,16;-0;0;100,02
AGRO3.SA.arff;Não;30;Nenhum;11,16;11,18;-0,02;0,02;100,14
AGRO3.SA.arff;Sim;30;RRSE;11,16;11,15;0,01;0,01;99,87
AGRO3.SA.arff;Sim;30;COMBINED;11,16;11,15;0,01;0,01;99,87
AGRO3.SA.arff;Sim;30;RAE;11,16;11,15;0,01;0,01;99,89
AGRO3.SA.arff;Não;35;Nenhum;11,16;11,1;0,06;0,06;99,47
AGRO3.SA.arff;Sim;35;RRSE;11,16;11,12;0,04;0,04;99,6
AGRO3.SA.arff;Sim;35;COMBINED;11,16;11,1;0,06;0,06;99,47
AGRO3.SA.arff;Sim;35;RAE;11,16;11,1;0,06;0,06;99,51
AGRO3.SA.arff;Não;40;Nenhum;11,16;11,18;-0,02;0,02;100,16
AGRO3.SA.arff;Sim;40;RRSE;11,16;11,19;-0,03;0,03;100,23
AGRO3.SA.arff;Sim;40;COMBINED;11,16;11,19;-0,03;0,03;100,23
AGRO3.SA.arff;Sim;40;RAE;11,16;11,13;0,03;0,03;99,74
AGRO3.SA.arff;Não;50;Nenhum;11,16;11,27;-0,11;0,11;100,97
AGRO3.SA.arff;Sim;50;RRSE;11,16;11,31;-0,15;0,15;101,37
AGRO3.SA.arff;Sim;50;COMBINED;11,16;11,31;-0,15;0,15;101,37
AGRO3.SA.arff;Sim;50;RAE;11,16;11,14;0,02;0,02;99,84
AGRO3.SA.arff;Não;70;Nenhum;11,16;11,22;-0,06;0,06;100,52
AGRO3.SA.arff;Sim;70;RRSE;11,16;11,08;0,08;0,08;99,32
AGRO3.SA.arff;Sim;70;COMBINED;11,16;11,26;-0,1;0,1;100,9
AGRO3.SA.arff;Sim;70;RAE;11,16;11,26;-0,1;0,1;100,92
AGRO3.SA.arff;Não;25;Nenhum;11,16;11,2;-0,04;0,04;100,36
AGRO3.SA.arff;Sim;25;RRSE;11,16;11,18;-0,02;0,02;100,16
AGRO3.SA.arff;Sim;25;COMBINED;11,16;11,12;0,04;0,04;99,66
AGRO3.SA.arff;Sim;25;RAE;11,16;11,14;0,02;0,02;99,79
AGRO3.SA.arff;Não;30;Nenhum;11,16;11,18;-0,02;0,02;100,15
AGRO3.SA.arff;Sim;30;RRSE;11,16;11,22;-0,06;0,06;100,53
AGRO3.SA.arff;Sim;30;COMBINED;11,16;11,22;-0,06;0,06;100,53
AGRO3.SA.arff;Sim;30;RAE;11,16;11,22;-0,06;0,06;100,53
AGRO3.SA.arff;Não;35;Nenhum;11,16;11,15;0,01;0,01;99,9
AGRO3.SA.arff;Sim;35;RRSE;11,16;11,2;-0,04;0,04;100,34
AGRO3.SA.arff;Sim;35;COMBINED;11,16;11,21;-0,05;0,05;100,46
AGRO3.SA.arff;Sim;35;RAE;11,16;11,15;0,01;0,01;99,9
AGRO3.SA.arff;Não;40;Nenhum;11,16;11,3;-0,14;0,14;101,21
AGRO3.SA.arff;Sim;40;RRSE;11,16;11,17;-0,01;0,01;100,13
AGRO3.SA.arff;Sim;40;COMBINED;11,16;11,17;-0,01;0,01;100,13
AGRO3.SA.arff;Sim;40;RAE;11,16;11,19;-0,03;0,03;100,27
AGRO3.SA.arff;Não;50;Nenhum;11,16;11,33;-0,17;0,17;101,56
AGRO3.SA.arff;Sim;50;RRSE;11,16;11,24;-0,08;0,08;100,68
AGRO3.SA.arff;Sim;50;COMBINED;11,16;11,24;-0,08;0,08;100,68
AGRO3.SA.arff;Sim;50;RAE;11,16;11,24;-0,08;0,08;100,68
AGRO3.SA.arff;Não;70;Nenhum;11,16;11,25;-0,09;0,09;100,83
AGRO3.SA.arff;Sim;70;RRSE;11,16;11,06;0,1;0,1;99,09
AGRO3.SA.arff;Sim;70;COMBINED;11,16;11,06;0,1;0,1;99,09
AGRO3.SA.arff;Sim;70;RAE;11,16;11,14;0,02;0,02;99,82
AGRO3.SA.arff;Não;25;Nenhum;11,14;11,19;-0,05;0,05;100,41
AGRO3.SA.arff;Sim;25;RRSE;11,14;11,13;0,01;0,01;99,91
AGRO3.SA.arff;Sim;25;COMBINED;11,14;11,17;-0,03;0,03;100,27
AGRO3.SA.arff;Sim;25;RAE;11,14;11,17;-0,03;0,03;100,27
AGRO3.SA.arff;Não;30;Nenhum;11,14;11,15;-0,01;0,01;100,09
AGRO3.SA.arff;Sim;30;RRSE;11,14;11,13;0,01;0,01;99,88
AGRO3.SA.arff;Sim;30;COMBINED;11,14;11,11;0,03;0,03;99,73
AGRO3.SA.arff;Sim;30;RAE;11,14;11,11;0,03;0,03;99,73
AGRO3.SA.arff;Não;35;Nenhum;11,14;11,15;-0,01;0,01;100,09
AGRO3.SA.arff;Sim;35;RRSE;11,14;11,11;0,03;0,03;99,72
AGRO3.SA.arff;Sim;35;COMBINED;11,14;11,11;0,03;0,03;99,72
AGRO3.SA.arff;Sim;35;RAE;11,14;11,15;-0,01;0,01;100,09
AGRO3.SA.arff;Não;40;Nenhum;11,14;11,3;-0,16;0,16;101,44
AGRO3.SA.arff;Sim;40;RRSE;11,14;11,13;0,01;0,01;99,9
AGRO3.SA.arff;Sim;40;COMBINED;11,14;11,14;-0;0;100,02
AGRO3.SA.arff;Sim;40;RAE;11,14;11,11;0,03;0,03;99,7
AGRO3.SA.arff;Não;50;Nenhum;11,14;11,32;-0,18;0,18;101,58
AGRO3.SA.arff;Sim;50;RRSE;11,14;11,24;-0,1;0,1;100,92
AGRO3.SA.arff;Sim;50;COMBINED;11,14;11,24;-0,1;0,1;100,92
AGRO3.SA.arff;Sim;50;RAE;11,14;11,23;-0,09;0,09;100,85
AGRO3.SA.arff;Não;70;Nenhum;11,14;11,22;-0,08;0,08;100,69
AGRO3.SA.arff;Sim;70;RRSE;11,14;11,16;-0,02;0,02;100,16
AGRO3.SA.arff;Sim;70;COMBINED;11,14;11,16;-0,02;0,02;100,16
AGRO3.SA.arff;Sim;70;RAE;11,14;11,16;-0,02;0,02;100,16
AGRO3.SA.arff;Não;25;Nenhum;11,15;11,19;-0,04;0,04;100,32
AGRO3.SA.arff;Sim;25;RRSE;11,15;11,19;-0,04;0,04;100,38
AGRO3.SA.arff;Sim;25;COMBINED;11,15;11,25;-0,1;0,1;100,87
AGRO3.SA.arff;Sim;25;RAE;11,15;11,33;-0,18;0,18;101,64
AGRO3.SA.arff;Não;30;Nenhum;11,15;11,17;-0,02;0,02;100,17
AGRO3.SA.arff;Sim;30;RRSE;11,15;11,1;0,05;0,05;99,59
AGRO3.SA.arff;Sim;30;COMBINED;11,15;11,17;-0,02;0,02;100,17
AGRO3.SA.arff;Sim;30;RAE;11,15;11,13;0,02;0,02;99,86
AGRO3.SA.arff;Não;35;Nenhum;11,15;11,14;0,01;0,01;99,95
AGRO3.SA.arff;Sim;35;RRSE;11,15;11,13;0,02;0,02;99,83
AGRO3.SA.arff;Sim;35;COMBINED;11,15;11,13;0,02;0,02;99,83
AGRO3.SA.arff;Sim;35;RAE;11,15;11,06;0,09;0,09;99,21
AGRO3.SA.arff;Não;40;Nenhum;11,15;11,28;-0,13;0,13;101,2
AGRO3.SA.arff;Sim;40;RRSE;11,15;11,12;0,03;0,03;99,7
AGRO3.SA.arff;Sim;40;COMBINED;11,15;11,14;0,01;0,01;99,9
AGRO3.SA.arff;Sim;40;RAE;11,15;11,14;0,01;0,01;99,89
AGRO3.SA.arff;Não;50;Nenhum;11,15;11,34;-0,19;0,19;101,7
AGRO3.SA.arff;Sim;50;RRSE;11,15;11,22;-0,07;0,07;100,67
AGRO3.SA.arff;Sim;50;COMBINED;11,15;11,2;-0,05;0,05;100,42
AGRO3.SA.arff;Sim;50;RAE;11,15;11,22;-0,07;0,07;100,59
AGRO3.SA.arff;Não;70;Nenhum;11,15;11,21;-0,06;0,06;100,53
AGRO3.SA.arff;Sim;70;RRSE;11,15;11,1;0,05;0,05;99,55
AGRO3.SA.arff;Sim;70;COMBINED;11,15;11,11;0,04;0,04;99,66
AGRO3.SA.arff;Sim;70;RAE;11,15;11,11;0,04;0,04;99,66
AGRO3.SA.arff;Não;25;Nenhum;11,1;11,1;0;0;99,97
AGRO3.SA.arff;Sim;25;RRSE;11,1;11,06;0,04;0,04;99,61
AGRO3.SA.arff;Sim;25;COMBINED;11,1;11,06;0,04;0,04;99,63
AGRO3.SA.arff;Sim;25;RAE;11,1;11,06;0,04;0,04;99,64
AGRO3.SA.arff;Não;30;Nenhum;11,1;11,06;0,04;0,04;99,66
AGRO3.SA.arff;Sim;30;RRSE;11,1;11,08;0,02;0,02;99,8
AGRO3.SA.arff;Sim;30;COMBINED;11,1;11,07;0,03;0,03;99,7
AGRO3.SA.arff;Sim;30;RAE;11,1;11,07;0,03;0,03;99,7
AGRO3.SA.arff;Não;35;Nenhum;11,1;11,07;0,03;0,03;99,71
AGRO3.SA.arff;Sim;35;RRSE;11,1;11,14;-0,04;0,04;100,33
AGRO3.SA.arff;Sim;35;COMBINED;11,1;11,11;-0,01;0,01;100,07
AGRO3.SA.arff;Sim;35;RAE;11,1;11,1;-0;0;100
AGRO3.SA.arff;Não;40;Nenhum;11,1;11,15;-0,05;0,05;100,49
AGRO3.SA.arff;Sim;40;RRSE;11,1;11,08;0,02;0,02;99,86
AGRO3.SA.arff;Sim;40;COMBINED;11,1;11,08;0,02;0,02;99,86
AGRO3.SA.arff;Sim;40;RAE;11,1;11,08;0,02;0,02;99,86
AGRO3.SA.arff;Não;50;Nenhum;11,1;11,16;-0,06;0,06;100,55
AGRO3.SA.arff;Sim;50;RRSE;11,1;11,1;0;0;99,99
AGRO3.SA.arff;Sim;50;COMBINED;11,1;11,1;0;0;99,99
AGRO3.SA.arff;Sim;50;RAE;11,1;11,1;-0;0;100,04
AGRO3.SA.arff;Não;70;Nenhum;11,1;11,04;0,06;0,06;99,5
AGRO3.SA.arff;Sim;70;RRSE;11,1;11,06;0,04;0,04;99,62
AGRO3.SA.arff;Sim;70;COMBINED;11,1;11,07;0,03;0,03;99,7
AGRO3.SA.arff;Sim;70;RAE;11,1;11,25;-0,15;0,15;101,33
AGRO3.SA.arff;Não;25;Nenhum;11,06;11,08;-0,02;0,02;100,18
AGRO3.SA.arff;Sim;25;RRSE;11,06;11,05;0,01;0,01;99,9
AGRO3.SA.arff;Sim;25;COMBINED;11,06;11,04;0,02;0,02;99,8
AGRO3.SA.arff;Sim;25;RAE;11,06;11,07;-0,01;0,01;100,05
AGRO3.SA.arff;Não;30;Nenhum;11,06;11,05;0,01;0,01;99,93
AGRO3.SA.arff;Sim;30;RRSE;11,06;11,14;-0,08;0,08;100,73
AGRO3.SA.arff;Sim;30;COMBINED;11,06;11;0,06;0,06;99,46
AGRO3.SA.arff;Sim;30;RAE;11,06;11;0,06;0,06;99,46
AGRO3.SA.arff;Não;35;Nenhum;11,06;11,08;-0,02;0,02;100,15
AGRO3.SA.arff;Sim;35;RRSE;11,06;11,16;-0,1;0,1;100,88
AGRO3.SA.arff;Sim;35;COMBINED;11,06;11,15;-0,09;0,09;100,83
AGRO3.SA.arff;Sim;35;RAE;11,06;11,15;-0,09;0,09;100,83
AGRO3.SA.arff;Não;40;Nenhum;11,06;11,14;-0,08;0,08;100,76
AGRO3.SA.arff;Sim;40;RRSE;11,06;10,93;0,13;0,13;98,86
AGRO3.SA.arff;Sim;40;COMBINED;11,06;10,87;0,19;0,19;98,24
AGRO3.SA.arff;Sim;40;RAE;11,06;10,84;0,22;0,22;98,03
AGRO3.SA.arff;Não;50;Nenhum;11,06;11,15;-0,09;0,09;100,81
AGRO3.SA.arff;Sim;50;RRSE;11,06;11,14;-0,08;0,08;100,69
AGRO3.SA.arff;Sim;50;COMBINED;11,06;11,14;-0,08;0,08;100,69
AGRO3.SA.arff;Sim;50;RAE;11,06;11,15;-0,09;0,09;100,79
AGRO3.SA.arff;Não;70;Nenhum;11,06;11,06;0;0;99,96
AGRO3.SA.arff;Sim;70;RRSE;11,06;11,15;-0,09;0,09;100,86
AGRO3.SA.arff;Sim;70;COMBINED;11,06;11,17;-0,11;0,11;100,96
AGRO3.SA.arff;Sim;70;RAE;11,06;11,11;-0,05;0,05;100,43
AGRO3.SA.arff;Não;25;Nenhum;11,05;11,04;0,01;0,01;99,9
AGRO3.SA.arff;Sim;25;RRSE;11,05;11,22;-0,17;0,17;101,53
AGRO3.SA.arff;Sim;25;COMBINED;11,05;11,22;-0,17;0,17;101,53
AGRO3.SA.arff;Sim;25;RAE;11,05;11,07;-0,02;0,02;100,16
AGRO3.SA.arff;Não;30;Nenhum;11,05;11,07;-0,02;0,02;100,17
AGRO3.SA.arff;Sim;30;RRSE;11,05;11,28;-0,23;0,23;102,1
AGRO3.SA.arff;Sim;30;COMBINED;11,05;11,26;-0,21;0,21;101,88
AGRO3.SA.arff;Sim;30;RAE;11,05;11,26;-0,21;0,21;101,88
AGRO3.SA.arff;Não;35;Nenhum;11,05;11,07;-0,02;0,02;100,22
AGRO3.SA.arff;Sim;35;RRSE;11,05;11,37;-0,32;0,32;102,87
AGRO3.SA.arff;Sim;35;COMBINED;11,05;11,37;-0,32;0,32;102,86
AGRO3.SA.arff;Sim;35;RAE;11,05;11,19;-0,14;0,14;101,24
AGRO3.SA.arff;Não;40;Nenhum;11,05;11,1;-0,05;0,05;100,43
AGRO3.SA.arff;Sim;40;RRSE;11,05;11,27;-0,22;0,22;101,99
AGRO3.SA.arff;Sim;40;COMBINED;11,05;11,34;-0,29;0,29;102,6
AGRO3.SA.arff;Sim;40;RAE;11,05;11,34;-0,29;0,29;102,6
AGRO3.SA.arff;Não;50;Nenhum;11,05;11,1;-0,05;0,05;100,48
AGRO3.SA.arff;Sim;50;RRSE;11,05;11,24;-0,19;0,19;101,76
AGRO3.SA.arff;Sim;50;COMBINED;11,05;11,21;-0,16;0,16;101,48
AGRO3.SA.arff;Sim;50;RAE;11,05;11,24;-0,19;0,19;101,73
AGRO3.SA.arff;Não;70;Nenhum;11,05;11,03;0,02;0,02;99,81
AGRO3.SA.arff;Sim;70;RRSE;11,05;11,22;-0,17;0,17;101,56
AGRO3.SA.arff;Sim;70;COMBINED;11,05;11,22;-0,17;0,17;101,56
AGRO3.SA.arff;Sim;70;RAE;11,05;11,22;-0,17;0,17;101,56
AGRO3.SA.arff;Não;25;Nenhum;11;11,13;-0,13;0,13;101,19
AGRO3.SA.arff;Sim;25;RRSE;11;11,26;-0,26;0,26;102,32
AGRO3.SA.arff;Sim;25;COMBINED;11;11,26;-0,26;0,26;102,32
AGRO3.SA.arff;Sim;25;RAE;11;11,26;-0,26;0,26;102,32
AGRO3.SA.arff;Não;30;Nenhum;11;11,16;-0,16;0,16;101,47
AGRO3.SA.arff;Sim;30;RRSE;11;11,16;-0,16;0,16;101,47
AGRO3.SA.arff;Sim;30;COMBINED;11;11,16;-0,16;0,16;101,47
AGRO3.SA.arff;Sim;30;RAE;11;11,16;-0,16;0,16;101,47
AGRO3.SA.arff;Não;35;Nenhum;11;11,17;-0,17;0,17;101,56
AGRO3.SA.arff;Sim;35;RRSE;11;11,26;-0,26;0,26;102,33
AGRO3.SA.arff;Sim;35;COMBINED;11;11,26;-0,26;0,26;102,33
AGRO3.SA.arff;Sim;35;RAE;11;11,22;-0,22;0,22;101,98
AGRO3.SA.arff;Não;40;Nenhum;11;11,18;-0,18;0,18;101,67
AGRO3.SA.arff;Sim;40;RRSE;11;11,25;-0,25;0,25;102,27
AGRO3.SA.arff;Sim;40;COMBINED;11;11,25;-0,25;0,25;102,27
AGRO3.SA.arff;Sim;40;RAE;11;11,26;-0,26;0,26;102,35
AGRO3.SA.arff;Não;50;Nenhum;11;11,17;-0,17;0,17;101,58
AGRO3.SA.arff;Sim;50;RRSE;11;11,28;-0,28;0,28;102,55
AGRO3.SA.arff;Sim;50;COMBINED;11;11,28;-0,28;0,28;102,55
AGRO3.SA.arff;Sim;50;RAE;11;11,28;-0,28;0,28;102,55
AGRO3.SA.arff;Não;70;Nenhum;11;11,16;-0,16;0,16;101,49
AGRO3.SA.arff;Sim;70;RRSE;11;11,26;-0,26;0,26;102,32
AGRO3.SA.arff;Sim;70;COMBINED;11;11,26;-0,26;0,26;102,32
AGRO3.SA.arff;Sim;70;RAE;11;11,25;-0,25;0,25;102,26
AGRO3.SA.arff;Não;25;Nenhum;11,18;11,01;0,17;0,17;98,44
AGRO3.SA.arff;Sim;25;RRSE;11,18;11,01;0,17;0,17;98,44
AGRO3.SA.arff;Sim;25;COMBINED;11,18;11,04;0,14;0,14;98,78
AGRO3.SA.arff;Sim;25;RAE;11,18;11,04;0,14;0,14;98,78
AGRO3.SA.arff;Não;30;Nenhum;11,18;11,09;0,09;0,09;99,21
AGRO3.SA.arff;Sim;30;RRSE;11,18;10,94;0,24;0,24;97,87
AGRO3.SA.arff;Sim;30;COMBINED;11,18;11;0,18;0,18;98,41
AGRO3.SA.arff;Sim;30;RAE;11,18;10,95;0,23;0,23;97,92
AGRO3.SA.arff;Não;35;Nenhum;11,18;11,14;0,04;0,04;99,64
AGRO3.SA.arff;Sim;35;RRSE;11,18;10,94;0,24;0,24;97,86
AGRO3.SA.arff;Sim;35;COMBINED;11,18;10,96;0,22;0,22;98,07
AGRO3.SA.arff;Sim;35;RAE;11,18;11,14;0,04;0,04;99,64
AGRO3.SA.arff;Não;40;Nenhum;11,18;11,14;0,04;0,04;99,69
AGRO3.SA.arff;Sim;40;RRSE;11,18;11,01;0,17;0,17;98,51
AGRO3.SA.arff;Sim;40;COMBINED;11,18;10,97;0,21;0,21;98,14
AGRO3.SA.arff;Sim;40;RAE;11,18;10,97;0,21;0,21;98,14
AGRO3.SA.arff;Não;50;Nenhum;11,18;11,12;0,06;0,06;99,44
AGRO3.SA.arff;Sim;50;RRSE;11,18;10,96;0,22;0,22;98,03
AGRO3.SA.arff;Sim;50;COMBINED;11,18;10,96;0,22;0,22;98,03
AGRO3.SA.arff;Sim;50;RAE;11,18;10,95;0,23;0,23;97,91
AGRO3.SA.arff;Não;70;Nenhum;11,18;11,11;0,07;0,07;99,36
AGRO3.SA.arff;Sim;70;RRSE;11,18;11,27;-0,09;0,09;100,78
AGRO3.SA.arff;Sim;70;COMBINED;11,18;11,27;-0,09;0,09;100,78
AGRO3.SA.arff;Sim;70;RAE;11,18;11,27;-0,09;0,09;100,78
AGRO3.SA.arff;Não;25;Nenhum;10,98;10,91;0,07;0,07;99,4
AGRO3.SA.arff;Sim;25;RRSE;10,98;11;-0,02;0,02;100,17
AGRO3.SA.arff;Sim;25;COMBINED;10,98;10,99;-0,01;0,01;100,12
AGRO3.SA.arff;Sim;25;RAE;10,98;10,99;-0,01;0,01;100,12
AGRO3.SA.arff;Não;30;Nenhum;10,98;10,89;0,09;0,09;99,16
AGRO3.SA.arff;Sim;30;RRSE;10,98;10,97;0,01;0,01;99,89
AGRO3.SA.arff;Sim;30;COMBINED;10,98;10,97;0,01;0,01;99,89
AGRO3.SA.arff;Sim;30;RAE;10,98;10,98;-0;0;100,02
AGRO3.SA.arff;Não;35;Nenhum;10,98;10,94;0,04;0,04;99,66
AGRO3.SA.arff;Sim;35;RRSE;10,98;10,94;0,04;0,04;99,66
AGRO3.SA.arff;Sim;35;COMBINED;10,98;10,92;0,06;0,06;99,41
AGRO3.SA.arff;Sim;35;RAE;10,98;10,92;0,06;0,06;99,41
AGRO3.SA.arff;Não;40;Nenhum;10,98;10,95;0,03;0,03;99,72
AGRO3.SA.arff;Sim;40;RRSE;10,98;10,96;0,02;0,02;99,8
AGRO3.SA.arff;Sim;40;COMBINED;10,98;11,07;-0,09;0,09;100,86
AGRO3.SA.arff;Sim;40;RAE;10,98;11,04;-0,06;0,06;100,55
AGRO3.SA.arff;Não;50;Nenhum;10,98;10,91;0,07;0,07;99,35
AGRO3.SA.arff;Sim;50;RRSE;10,98;10,93;0,05;0,05;99,55
AGRO3.SA.arff;Sim;50;COMBINED;10,98;10,92;0,06;0,06;99,47
AGRO3.SA.arff;Sim;50;RAE;10,98;10,92;0,06;0,06;99,47
AGRO3.SA.arff;Não;70;Nenhum;10,98;10,91;0,07;0,07;99,33
AGRO3.SA.arff;Sim;70;RRSE;10,98;11,07;-0,09;0,09;100,8
AGRO3.SA.arff;Sim;70;COMBINED;10,98;11,07;-0,09;0,09;100,8
AGRO3.SA.arff;Sim;70;RAE;10,98;10,94;0,04;0,04;99,6
AGRO3.SA.arff;Não;25;Nenhum;10,82;10,84;-0,02;0,02;100,17
AGRO3.SA.arff;Sim;25;RRSE;10,82;10,93;-0,11;0,11;101,05
AGRO3.SA.arff;Sim;25;COMBINED;10,82;10,76;0,06;0,06;99,45
AGRO3.SA.arff;Sim;25;RAE;10,82;10,96;-0,14;0,14;101,28
AGRO3.SA.arff;Não;30;Nenhum;10,82;10,91;-0,09;0,09;100,85
AGRO3.SA.arff;Sim;30;RRSE;10,82;10,89;-0,07;0,07;100,61
AGRO3.SA.arff;Sim;30;COMBINED;10,82;10,92;-0,1;0,1;100,94
AGRO3.SA.arff;Sim;30;RAE;10,82;10,91;-0,09;0,09;100,85
AGRO3.SA.arff;Não;35;Nenhum;10,82;10,93;-0,11;0,11;101,06
AGRO3.SA.arff;Sim;35;RRSE;10,82;10,79;0,03;0,03;99,73
AGRO3.SA.arff;Sim;35;COMBINED;10,82;10,8;0,02;0,02;99,8
AGRO3.SA.arff;Sim;35;RAE;10,82;10,93;-0,11;0,11;101,06
AGRO3.SA.arff;Não;40;Nenhum;10,82;10,94;-0,12;0,12;101,07
AGRO3.SA.arff;Sim;40;RRSE;10,82;10,82;-0;0;100,04
AGRO3.SA.arff;Sim;40;COMBINED;10,82;10,82;-0;0;100,04
AGRO3.SA.arff;Sim;40;RAE;10,82;10,77;0,05;0,05;99,51
AGRO3.SA.arff;Não;50;Nenhum;10,82;10,9;-0,08;0,08;100,7
AGRO3.SA.arff;Sim;50;RRSE;10,82;10,92;-0,1;0,1;100,91
AGRO3.SA.arff;Sim;50;COMBINED;10,82;10,9;-0,08;0,08;100,7
AGRO3.SA.arff;Sim;50;RAE;10,82;10,92;-0,1;0,1;100,91
AGRO3.SA.arff;Não;70;Nenhum;10,82;10,9;-0,08;0,08;100,77
AGRO3.SA.arff;Sim;70;RRSE;10,82;10,81;0,01;0,01;99,9
AGRO3.SA.arff;Sim;70;COMBINED;10,82;10,88;-0,06;0,06;100,56
AGRO3.SA.arff;Sim;70;RAE;10,82;10,88;-0,06;0,06;100,53
AGRO3.SA.arff;Não;25;Nenhum;10,83;10,65;0,18;0,18;98,34
AGRO3.SA.arff;Sim;25;RRSE;10,83;10,47;0,36;0,36;96,66
AGRO3.SA.arff;Sim;25;COMBINED;10,83;10,47;0,36;0,36;96,66
AGRO3.SA.arff;Sim;25;RAE;10,83;10,47;0,36;0,36;96,66
AGRO3.SA.arff;Não;30;Nenhum;10,83;10,77;0,06;0,06;99,46
AGRO3.SA.arff;Sim;30;RRSE;10,83;10,44;0,39;0,39;96,39
AGRO3.SA.arff;Sim;30;COMBINED;10,83;10,44;0,39;0,39;96,39
AGRO3.SA.arff;Sim;30;RAE;10,83;10,5;0,33;0,33;96,97
AGRO3.SA.arff;Não;35;Nenhum;10,83;10,74;0,09;0,09;99,16
AGRO3.SA.arff;Sim;35;RRSE;10,83;10,42;0,41;0,41;96,2
AGRO3.SA.arff;Sim;35;COMBINED;10,83;10,74;0,09;0,09;99,16
AGRO3.SA.arff;Sim;35;RAE;10,83;10,49;0,34;0,34;96,85
AGRO3.SA.arff;Não;40;Nenhum;10,83;10,75;0,08;0,08;99,22
AGRO3.SA.arff;Sim;40;RRSE;10,83;10,52;0,31;0,31;97,11
AGRO3.SA.arff;Sim;40;COMBINED;10,83;10,45;0,38;0,38;96,48
AGRO3.SA.arff;Sim;40;RAE;10,83;10,45;0,38;0,38;96,48
AGRO3.SA.arff;Não;50;Nenhum;10,83;10,71;0,12;0,12;98,92
AGRO3.SA.arff;Sim;50;RRSE;10,83;10,52;0,31;0,31;97,16
AGRO3.SA.arff;Sim;50;COMBINED;10,83;10,52;0,31;0,31;97,16
AGRO3.SA.arff;Sim;50;RAE;10,83;10,54;0,29;0,29;97,29
AGRO3.SA.arff;Não;70;Nenhum;10,83;10,73;0,1;0,1;99,05
AGRO3.SA.arff;Sim;70;RRSE;10,83;10,51;0,32;0,32;97,01
AGRO3.SA.arff;Sim;70;COMBINED;10,83;10,51;0,32;0,32;97,07
AGRO3.SA.arff;Sim;70;RAE;10,83;10,51;0,32;0,32;97,07
AGRO3.SA.arff;Não;25;Nenhum;10,5;10,81;-0,31;0,31;102,92
AGRO3.SA.arff;Sim;25;RRSE;10,5;10,5;0;0;100
AGRO3.SA.arff;Sim;25;COMBINED;10,5;10,7;-0,2;0,2;101,87
AGRO3.SA.arff;Sim;25;RAE;10,5;10,65;-0,15;0,15;101,47
AGRO3.SA.arff;Não;30;Nenhum;10,5;10,83;-0,33;0,33;103,17
AGRO3.SA.arff;Sim;30;RRSE;10,5;10,58;-0,08;0,08;100,78
AGRO3.SA.arff;Sim;30;COMBINED;10,5;10,83;-0,33;0,33;103,17
AGRO3.SA.arff;Sim;30;RAE;10,5;10,73;-0,23;0,23;102,15
AGRO3.SA.arff;Não;35;Nenhum;10,5;10,8;-0,3;0,3;102,9
AGRO3.SA.arff;Sim;35;RRSE;10,5;10,64;-0,14;0,14;101,29
AGRO3.SA.arff;Sim;35;COMBINED;10,5;10,64;-0,14;0,14;101,29
AGRO3.SA.arff;Sim;35;RAE;10,5;10,64;-0,14;0,14;101,29
AGRO3.SA.arff;Não;40;Nenhum;10,5;10,81;-0,31;0,31;102,98
AGRO3.SA.arff;Sim;40;RRSE;10,5;10,72;-0,22;0,22;102,12
AGRO3.SA.arff;Sim;40;COMBINED;10,5;10,72;-0,22;0,22;102,12
AGRO3.SA.arff;Sim;40;RAE;10,5;10,72;-0,22;0,22;102,12
AGRO3.SA.arff;Não;50;Nenhum;10,5;10,77;-0,27;0,27;102,57
AGRO3.SA.arff;Sim;50;RRSE;10,5;10,68;-0,18;0,18;101,73
AGRO3.SA.arff;Sim;50;COMBINED;10,5;10,68;-0,18;0,18;101,73
AGRO3.SA.arff;Sim;50;RAE;10,5;10,65;-0,15;0,15;101,43
AGRO3.SA.arff;Não;70;Nenhum;10,5;10,79;-0,29;0,29;102,74
AGRO3.SA.arff;Sim;70;RRSE;10,5;10,64;-0,14;0,14;101,33
AGRO3.SA.arff;Sim;70;COMBINED;10,5;10,66;-0,16;0,16;101,56
AGRO3.SA.arff;Sim;70;RAE;10,5;10,69;-0,19;0,19;101,76
AGRO3.SA.arff;Não;25;Nenhum;10,85;10,79;0,06;0,06;99,4
AGRO3.SA.arff;Sim;25;RRSE;10,85;10,49;0,36;0,36;96,69
AGRO3.SA.arff;Sim;25;COMBINED;10,85;10,55;0,3;0,3;97,25
AGRO3.SA.arff;Sim;25;RAE;10,85;10,48;0,37;0,37;96,63
AGRO3.SA.arff;Não;30;Nenhum;10,85;10,74;0,11;0,11;98,97
AGRO3.SA.arff;Sim;30;RRSE;10,85;10,53;0,32;0,32;97,07
AGRO3.SA.arff;Sim;30;COMBINED;10,85;10,74;0,11;0,11;98,97
AGRO3.SA.arff;Sim;30;RAE;10,85;10,74;0,11;0,11;98,97
AGRO3.SA.arff;Não;35;Nenhum;10,85;10,73;0,12;0,12;98,93
AGRO3.SA.arff;Sim;35;RRSE;10,85;10,73;0,12;0,12;98,93
AGRO3.SA.arff;Sim;35;COMBINED;10,85;10,56;0,29;0,29;97,33
AGRO3.SA.arff;Sim;35;RAE;10,85;10,57;0,28;0,28;97,43
AGRO3.SA.arff;Não;40;Nenhum;10,85;10,74;0,11;0,11;98,96
AGRO3.SA.arff;Sim;40;RRSE;10,85;10,56;0,29;0,29;97,31
AGRO3.SA.arff;Sim;40;COMBINED;10,85;10,56;0,29;0,29;97,31
AGRO3.SA.arff;Sim;40;RAE;10,85;10,5;0,35;0,35;96,74
AGRO3.SA.arff;Não;50;Nenhum;10,85;10,67;0,18;0,18;98,3
AGRO3.SA.arff;Sim;50;RRSE;10,85;10,52;0,33;0,33;96,92
AGRO3.SA.arff;Sim;50;COMBINED;10,85;10,53;0,32;0,32;97,01
AGRO3.SA.arff;Sim;50;RAE;10,85;10,53;0,32;0,32;97,01
AGRO3.SA.arff;Não;70;Nenhum;10,85;10,67;0,18;0,18;98,33
AGRO3.SA.arff;Sim;70;RRSE;10,85;10,55;0,3;0,3;97,28
AGRO3.SA.arff;Sim;70;COMBINED;10,85;10,55;0,3;0,3;97,28
AGRO3.SA.arff;Sim;70;RAE;10,85;10,55;0,3;0,3;97,28
AGRO3.SA.arff;Não;25;Nenhum;10,55;10,98;-0,43;0,43;104,07
AGRO3.SA.arff;Sim;25;RRSE;10,55;10,7;-0,15;0,15;101,41
AGRO3.SA.arff;Sim;25;COMBINED;10,55;10,7;-0,15;0,15;101,39
AGRO3.SA.arff;Sim;25;RAE;10,55;10,7;-0,15;0,15;101,39
AGRO3.SA.arff;Não;30;Nenhum;10,55;10,84;-0,29;0,29;102,72
AGRO3.SA.arff;Sim;30;RRSE;10,55;10,56;-0,01;0,01;100,05
AGRO3.SA.arff;Sim;30;COMBINED;10,55;10,67;-0,12;0,12;101,15
AGRO3.SA.arff;Sim;30;RAE;10,55;10,84;-0,29;0,29;102,72
AGRO3.SA.arff;Não;35;Nenhum;10,55;10,84;-0,29;0,29;102,74
AGRO3.SA.arff;Sim;35;RRSE;10,55;10,72;-0,17;0,17;101,61
AGRO3.SA.arff;Sim;35;COMBINED;10,55;10,38;0,17;0,17;98,37
AGRO3.SA.arff;Sim;35;RAE;10,55;10,65;-0,1;0,1;100,94
AGRO3.SA.arff;Não;40;Nenhum;10,55;10,83;-0,28;0,28;102,67
AGRO3.SA.arff;Sim;40;RRSE;10,55;10,66;-0,11;0,11;101,03
AGRO3.SA.arff;Sim;40;COMBINED;10,55;10,66;-0,11;0,11;101,03
AGRO3.SA.arff;Sim;40;RAE;10,55;10,63;-0,08;0,08;100,76
AGRO3.SA.arff;Não;50;Nenhum;10,55;10,77;-0,22;0,22;102,06
AGRO3.SA.arff;Sim;50;RRSE;10,55;10,65;-0,1;0,1;100,92
AGRO3.SA.arff;Sim;50;COMBINED;10,55;10,65;-0,1;0,1;100,97
AGRO3.SA.arff;Sim;50;RAE;10,55;10,65;-0,1;0,1;100,97
AGRO3.SA.arff;Não;70;Nenhum;10,55;10,78;-0,23;0,23;102,15
AGRO3.SA.arff;Sim;70;RRSE;10,55;10,62;-0,07;0,07;100,67
AGRO3.SA.arff;Sim;70;COMBINED;10,55;10,66;-0,11;0,11;101,03
AGRO3.SA.arff;Sim;70;RAE;10,55;10,68;-0,13;0,13;101,23
AGRO3.SA.arff;Não;25;Nenhum;10,61;10,98;-0,37;0,37;103,49
AGRO3.SA.arff;Sim;25;RRSE;10,61;10,84;-0,23;0,23;102,18
AGRO3.SA.arff;Sim;25;COMBINED;10,61;10,82;-0,21;0,21;101,94
AGRO3.SA.arff;Sim;25;RAE;10,61;10,82;-0,21;0,21;101,94
AGRO3.SA.arff;Não;30;Nenhum;10,61;10,91;-0,3;0,3;102,8
AGRO3.SA.arff;Sim;30;RRSE;10,61;10,91;-0,3;0,3;102,8
AGRO3.SA.arff;Sim;30;COMBINED;10,61;10,91;-0,3;0,3;102,8
AGRO3.SA.arff;Sim;30;RAE;10,61;10,91;-0,3;0,3;102,8
AGRO3.SA.arff;Não;35;Nenhum;10,61;10,87;-0,26;0,26;102,45
AGRO3.SA.arff;Sim;35;RRSE;10,61;10,59;0,02;0,02;99,79
AGRO3.SA.arff;Sim;35;COMBINED;10,61;10,87;-0,26;0,26;102,45
AGRO3.SA.arff;Sim;35;RAE;10,61;10,59;0,02;0,02;99,79
AGRO3.SA.arff;Não;40;Nenhum;10,61;10,87;-0,26;0,26;102,4
AGRO3.SA.arff;Sim;40;RRSE;10,61;10,82;-0,21;0,21;101,98
AGRO3.SA.arff;Sim;40;COMBINED;10,61;10,82;-0,21;0,21;101,98
AGRO3.SA.arff;Sim;40;RAE;10,61;10,82;-0,21;0,21;101,98
AGRO3.SA.arff;Não;50;Nenhum;10,61;10,83;-0,22;0,22;102,11
AGRO3.SA.arff;Sim;50;RRSE;10,61;11,04;-0,43;0,43;104,06
AGRO3.SA.arff;Sim;50;COMBINED;10,61;10,71;-0,1;0,1;100,94
AGRO3.SA.arff;Sim;50;RAE;10,61;10,69;-0,08;0,08;100,73
AGRO3.SA.arff;Não;70;Nenhum;10,61;10,78;-0,17;0,17;101,65
AGRO3.SA.arff;Sim;70;RRSE;10,61;10,74;-0,13;0,13;101,2
AGRO3.SA.arff;Sim;70;COMBINED;10,61;10,74;-0,13;0,13;101,2
AGRO3.SA.arff;Sim;70;RAE;10,61;10,96;-0,35;0,35;103,34
